Tipo,Clave,Español,Inglés (actual),Hñähñu (por traducir),Nota
Mensaje clínico (catálogo),app.tagline,"Tu tratamiento, más claro.","Your treatment, made clear.",,Lo resuelve GET /mensajes; puede llevar audio y pictograma
Mensaje clínico (catálogo),login.email,Correo electrónico,Email,,Lo resuelve GET /mensajes; puede llevar audio y pictograma
Mensaje clínico (catálogo),login.pass,Contraseña,Password,,Lo resuelve GET /mensajes; puede llevar audio y pictograma
Mensaje clínico (catálogo),login.go,Iniciar sesión,Sign in,,Lo resuelve GET /mensajes; puede llevar audio y pictograma
Mensaje clínico (catálogo),login.bio,Entrar con huella,Use fingerprint,,Lo resuelve GET /mensajes; puede llevar audio y pictograma
Mensaje clínico (catálogo),login.register,Crear cuenta,Create account,,Lo resuelve GET /mensajes; puede llevar audio y pictograma
Mensaje clínico (catálogo),listen,Escuchar indicaciones,Listen to instructions,,Lo resuelve GET /mensajes; puede llevar audio y pictograma
Mensaje clínico (catálogo),semaforo.verde,Estable,Stable,,Lo resuelve GET /mensajes; puede llevar audio y pictograma
Mensaje clínico (catálogo),semaforo.ambar,Precaución,Caution,,Lo resuelve GET /mensajes; puede llevar audio y pictograma
Mensaje clínico (catálogo),semaforo.rojo,Alerta: busca ayuda,Alert: get help,,Lo resuelve GET /mensajes; puede llevar audio y pictograma
Mensaje clínico (catálogo),help.caregiver,Pedir ayuda a mi cuidador,Ask my caregiver for help,,Lo resuelve GET /mensajes; puede llevar audio y pictograma
Mensaje clínico (catálogo),next,Siguiente,Next,,Lo resuelve GET /mensajes; puede llevar audio y pictograma
Mensaje clínico (catálogo),prev,Anterior,Back,,Lo resuelve GET /mensajes; puede llevar audio y pictograma
Mensaje clínico (catálogo),save,Guardar,Save,,Lo resuelve GET /mensajes; puede llevar audio y pictograma
Mensaje clínico (catálogo),preg.sistole,¿Cuánto marca la presión de arriba (sístole)?,What is your top blood pressure number (systolic)?,,Lo resuelve GET /mensajes; puede llevar audio y pictograma
Mensaje clínico (catálogo),preg.diastole,¿Cuánto marca la presión de abajo (diástole)?,What is your bottom blood pressure number (diastolic)?,,Lo resuelve GET /mensajes; puede llevar audio y pictograma
Mensaje clínico (catálogo),preg.glucosa,¿Cuánto marca tu glucosa?,What is your glucose reading?,,Lo resuelve GET /mensajes; puede llevar audio y pictograma
Mensaje clínico (catálogo),preg.presion,¿Cuánto marca tu presión? Escribe el número de arriba y el de abajo.,What is your blood pressure? Enter the top and bottom numbers.,,Lo resuelve GET /mensajes; puede llevar audio y pictograma
Mensaje clínico (catálogo),preg.cefalea,¿Tienes dolor de cabeza?,Do you have a headache?,,Lo resuelve GET /mensajes; puede llevar audio y pictograma
Mensaje clínico (catálogo),interfaz.revise_que_su_medicina_este_bien,Revisa que tu medicina esté bien escrita antes de guardarla.,Check that your medicine is written correctly before saving it.,,Lo resuelve GET /mensajes; puede llevar audio y pictograma
Mensaje clínico (catálogo),lesiones.foto_recibida,Recibimos tu foto. Tu equipo de salud la revisará.,We received your photo. Your health team will review it.,,Lo resuelve GET /mensajes; puede llevar audio y pictograma
Mensaje clínico (catálogo),lesiones.tome_foto_otra_vez,"No se ve bien la herida. Toma la foto otra vez, de frente y con buena luz.","The wound can't be seen clearly. Take the photo again, from the front and with good light.",,Lo resuelve GET /mensajes; puede llevar audio y pictograma
Mensaje clínico (catálogo),lesiones.use_referencia,Recibimos tu foto. La próxima vez pon una moneda de 10 pesos junto a la herida para poder medirla.,We received your photo. Next time place a 10-peso coin next to the wound so it can be measured.,,Lo resuelve GET /mensajes; puede llevar audio y pictograma
Mensaje clínico (catálogo),resultado.faltan_datos,"Guardamos tus datos, pero faltan algunos para evaluarlos. Contesta las preguntas que faltan.","We saved your data, but some is missing to evaluate it. Answer the remaining questions.",,Lo resuelve GET /mensajes; puede llevar audio y pictograma
Mensaje clínico (catálogo),resultado.registrado,Guardamos tu registro. Tu equipo de salud lo revisará.,We saved your record. Your health team will review it.,,Lo resuelve GET /mensajes; puede llevar audio y pictograma
Mensaje clínico (catálogo),res.verde,Tus valores están bien. Sigue con tu tratamiento.,Your values are fine. Keep following your treatment.,,Lo resuelve GET /mensajes; puede llevar audio y pictograma
Mensaje clínico (catálogo),res.ambar,Tu presión está un poco alta. Descansa y mídete de nuevo en 30 minutos.,Your pressure is a bit high. Rest and measure again in 30 minutes.,,Lo resuelve GET /mensajes; puede llevar audio y pictograma
Mensaje clínico (catálogo),res.rojo,Tu presión está muy alta. Llama a tu cuidador o acude a urgencias.,Your pressure is very high. Call your caregiver or go to the emergency room.,,Lo resuelve GET /mensajes; puede llevar audio y pictograma
Mensaje clínico (catálogo),med.losartan,Losartán: toma una tableta por la mañana.,Losartan: take one tablet in the morning.,,Lo resuelve GET /mensajes; puede llevar audio y pictograma
Mensaje clínico (catálogo),med.metformina,Metformina: toma una tableta cada 12 horas con alimentos.,Metformin: take one tablet every 12 hours with food.,,Lo resuelve GET /mensajes; puede llevar audio y pictograma
Mensaje clínico (catálogo),adv.revisar,Revisa con tu médico antes de confirmar este medicamento.,Check with your doctor before confirming this medication.,,Lo resuelve GET /mensajes; puede llevar audio y pictograma
Mensaje clínico (catálogo),alerta.presion,Presión muy alta registrada.,Very high blood pressure recorded.,,Lo resuelve GET /mensajes; puede llevar audio y pictograma
Mensaje clínico (catálogo),alerta.omision,Dos tomas de medicamento omitidas seguidas.,Two medication doses missed in a row.,,Lo resuelve GET /mensajes; puede llevar audio y pictograma
Mensaje clínico (catálogo),consent.privacidad,Texto provisional: tus datos de salud se usan solo para dar seguimiento a tu tratamiento. Solo los ve tu equipo de salud y las personas que tú autorices. Sustituir por el aviso de privacidad oficial.,Provisional text: your health data is used only to follow your treatment. Only your health team and the people you authorize can see it. Replace with the official privacy notice.,,Lo resuelve GET /mensajes; puede llevar audio y pictograma
Mensaje clínico (catálogo),consent.informado,"Texto provisional: aceptas que esta app registre tus mediciones y tomas de medicamento, y que tu equipo de salud las revise. Puedes retirar tu consentimiento. Sustituir por el texto oficial.",Provisional text: you agree that this app records your measurements and medication intake and that your health team reviews them. You can withdraw consent. Replace with the official text.,,Lo resuelve GET /mensajes; puede llevar audio y pictograma
Texto de pantalla,Abajo (diastólica),Abajo (diastólica),Bottom (diastolic),,
Texto de pantalla,Abdomen,Abdomen,Abdomen,,
Texto de pantalla,abr,abr,Apr,,
Texto de pantalla,Acceso temporal del paciente,Acceso temporal del paciente,Patient's temporary access,,
Texto de pantalla,Acción tomada (obligatoria),Acción tomada (obligatoria),Action taken (required),,
Texto de pantalla,Aceptar y continuar,Aceptar y continuar,Accept and continue,,
Texto de pantalla,Acepto el seguimiento de mi salud en esta app,Acepto el seguimiento de mi salud en esta app,I accept health monitoring in this app,,
Texto de pantalla,Activa la biometría en tu perfil e inicia sesión con tu contraseña una vez.,Activa la biometría en tu perfil e inicia sesión con tu contraseña una vez.,Turn on biometrics in your profile and sign in with your password once.,,
Texto de pantalla,"Activa letra grande, alto contraste y lecturas con audio.","Activa letra grande, alto contraste y lecturas con audio.","Turns on large text, high contrast and audio reading.",,
Texto de pantalla,Adherencia (últimos 14 días),Adherencia (últimos 14 días),Adherence (last 14 days),,
Texto de pantalla,Adulto mayor,Adulto mayor,Older adult,,
Texto de pantalla,ago,ago,Aug,,
Texto de pantalla,Agregar,Agregar,Add,,
Texto de pantalla,Agregar alergia,Agregar alergia,Add allergy,,
Texto de pantalla,Agregar horario,Agregar horario,Add time,,
Texto de pantalla,Ahora toca la herida.,Ahora toca la herida.,Now tap the wound.,,
Texto de pantalla,Alarma de medicamentos,Alarma de medicamentos,Medication alarm,,
Texto de pantalla,Alergias (opcional),Alergias (opcional),Allergies (optional),,
Texto de pantalla,Alergias a medicamentos,Alergias a medicamentos,Drug allergies,,
Texto de pantalla,Alergias que aparecen en el documento,Alergias que aparecen en el documento,Allergies found in the document,,
Texto de pantalla,Alerta,Alerta,Alert,,
Texto de pantalla,Alerta atendida.,Alerta atendida.,Alert handled.,,
Texto de pantalla,Alertas,Alertas,Alerts,,
Texto de pantalla,Alta de paciente,Alta de paciente,Register patient,,
Texto de pantalla,Alto contraste,Alto contraste,High contrast,,
Texto de pantalla,Analizar receta,Analizar receta,Analyze prescription,,
Texto de pantalla,Antebrazo,Antebrazo,Forearm,,
Texto de pantalla,Anterior,Anterior,Back,,
Texto de pantalla,Anótalas y entrégalas al paciente: solo se muestran esta vez.,Anótalas y entrégalas al paciente: solo se muestran esta vez.,Write them down and give them to the patient: they are shown only this time.,,
Texto de pantalla,Apunta la cámara al código QR del paciente.,Apunta la cámara al código QR del paciente.,Point the camera at the patient's QR code.,,
Texto de pantalla,"Aquí verás recordatorios, alertas y tomas omitidas.","Aquí verás recordatorios, alertas y tomas omitidas.","Here you will see reminders, alerts and missed doses.",,
Texto de pantalla,ardor al orinar,ardor al orinar,burning when urinating,,
Texto de pantalla,Arriba (sistólica),Arriba (sistólica),Top (systolic),,
Texto de pantalla,Atender alerta,Atender alerta,Handle alert,,
Texto de pantalla,Avisamos a tu equipo de salud y a tu cuidador.,Avisamos a tu equipo de salud y a tu cuidador.,We notified your health team and your caregiver.,,
Texto de pantalla,Aviso de privacidad,Aviso de privacidad,Privacy notice,,
Texto de pantalla,Aún no hay mediciones de glucosa.,Aún no hay mediciones de glucosa.,No glucose measurements yet.,,
Texto de pantalla,Aún no hay mediciones de presión.,Aún no hay mediciones de presión.,No blood pressure measurements yet.,,
Texto de pantalla,Aún no hay pacientes,Aún no hay pacientes,No patients yet,,
Texto de pantalla,Aún no tienes medicamentos,Aún no tienes medicamentos,You don't have medications yet,,
Texto de pantalla,Bajó {d} {u} respecto a {ref},Bajó {d} {u} respecto a {ref},Down {d} {u} compared with {ref},,Conservar {…} tal cual: se reemplaza por un dato
Texto de pantalla,Bajó {n} {u},Bajó {n} {u},Down {n} {u},,Conservar {…} tal cual: se reemplaza por un dato
Texto de pantalla,Botones grandes,Botones grandes,Large buttons,,
Texto de pantalla,Brazo,Brazo,Arm,,
Texto de pantalla,Buscar paciente,Buscar paciente,Search patient,,
Texto de pantalla,Cabeza o cara,Cabeza o cara,Head or face,,
Texto de pantalla,cada {h} h,cada {h} h,every {h} h,,Conservar {…} tal cual: se reemplaza por un dato
Texto de pantalla,Cambiar de paciente,Cambiar de paciente,Change patient,,
Texto de pantalla,Cambiar foto de perfil,Cambiar foto de perfil,Change profile photo,,
Texto de pantalla,Cambiar horario {h},Cambiar horario {h},Change time {h},,Conservar {…} tal cual: se reemplaza por un dato
Texto de pantalla,Cancelar,Cancelar,Cancel,,
Texto de pantalla,cansancio,cansancio,tiredness,,
Texto de pantalla,Cargando,Cargando,Loading,,
Texto de pantalla,Centro,Centro,Center,,
Texto de pantalla,Cerrar,Cerrar,Close,,
Texto de pantalla,Cerrar sesión,Cerrar sesión,Sign out,,
Texto de pantalla,Clínica o institución,Clínica o institución,Clinic or institution,,
Texto de pantalla,Clínica o Institución médica,Clínica o Institución médica,Clinic or medical institution,,
Texto de pantalla,Comparación con la foto anterior,Comparación con la foto anterior,Comparison with the previous photo,,
Texto de pantalla,"Completa fecha de nacimiento, sexo y programa de cuidado.","Completa fecha de nacimiento, sexo y programa de cuidado.","Complete date of birth, sex and care program.",,
Texto de pantalla,Completa nombre y dosis de cada medicamento.,Completa nombre y dosis de cada medicamento.,Complete name and dose for each medication.,,
Texto de pantalla,"Completa nombre, fecha de nacimiento y sexo.","Completa nombre, fecha de nacimiento y sexo.","Complete name, date of birth and sex.",,
Texto de pantalla,Completar Registro,Completar Registro,Complete sign-up,,
Texto de pantalla,Concentración,Concentración,Strength,,
Texto de pantalla,Conectado al servidor,Conectado al servidor,Connected to the server,,
Texto de pantalla,Conectando…,Conectando…,Connecting…,,
Texto de pantalla,confirmada,confirmada,confirmed,,
Texto de pantalla,Confirmar,Confirmar,Confirm,,
Texto de pantalla,Confirmar y guardar,Confirmar y guardar,Confirm and save,,
Texto de pantalla,Consentimiento informado,Consentimiento informado,Informed consent,,
Texto de pantalla,Contestar lo que falta,Contestar lo que falta,Answer what is missing,,
Texto de pantalla,Continuar,Continuar,Continue,,
Texto de pantalla,contracciones,contracciones,contractions,,
Texto de pantalla,Contraseña temporal,Contraseña temporal,Temporary password,,
Texto de pantalla,convulsiones,convulsiones,seizures,,
Texto de pantalla,Correo,Correo,Email,,
Texto de pantalla,Correo electrónico,Correo electrónico,Email,,
Texto de pantalla,Correo o contraseña incorrectos,Correo o contraseña incorrectos,Incorrect email or password,,
Texto de pantalla,Crear Cuenta,Crear Cuenta,Create account,,
Texto de pantalla,Crónico-degenerativas,Crónico-degenerativas,Chronic diseases,,
Texto de pantalla,Cuando haya una alerta la verás aquí.,Cuando haya una alerta la verás aquí.,When there is an alert you will see it here.,,
Texto de pantalla,Cuello,Cuello,Neck,,
Texto de pantalla,Cuidador,Cuidador,Caregiver,,
Texto de pantalla,Cuidador asignado: {nombre}. Te registrarás como su cuidador.,Cuidador asignado: {nombre}. Te registrarás como su cuidador.,Assigned caregiver: {nombre}. You will sign up as their caregiver.,,Conservar {…} tal cual: se reemplaza por un dato
Texto de pantalla,Cuidador responsable,Cuidador responsable,Responsible caregiver,,
Texto de pantalla,Cuántas veces se midió por {u},Cuántas veces se midió por {u},How many times they measured per {u},,Conservar {…} tal cual: se reemplaza por un dato
Texto de pantalla,Cuántas veces te mediste por {u},Cuántas veces te mediste por {u},How many times you measured per {u},,Conservar {…} tal cual: se reemplaza por un dato
Texto de pantalla,Cédula en revisión,Cédula en revisión,License under review,,
Texto de pantalla,Cédula profesional,Cédula profesional,Professional license number,,
Texto de pantalla,Cédula profesional validada,Cédula profesional validada,Professional license verified,,
Texto de pantalla,Código del paciente,Código del paciente,Patient's code,,
Texto de pantalla,Código no válido o paciente no encontrado.,Código no válido o paciente no encontrado.,Invalid code or patient not found.,,
Texto de pantalla,Código QR de identificación,Código QR de identificación,Identification QR code,,
Texto de pantalla,Código QR de identificación del paciente,Código QR de identificación del paciente,Patient's identification QR code,,
Texto de pantalla,Código que aparece bajo el QR,Código que aparece bajo el QR,Code shown below the QR,,
Texto de pantalla,Da de alta al primero con el botón de abajo.,Da de alta al primero con el botón de abajo.,Register the first one with the button below.,,
Texto de pantalla,Datos,Datos,Data,,
Texto de pantalla,Datos del paciente,Datos del paciente,Patient details,,
Texto de pantalla,De frente y con buena luz.,De frente y con buena luz.,From the front and with good light.,,
Texto de pantalla,Dedos del pie,Dedos del pie,Toes,,
Texto de pantalla,Demasiados intentos. Espera un momento.,Demasiados intentos. Espera un momento.,Too many attempts. Wait a moment.,,
Texto de pantalla,Derecho,Derecho,Right,,
Texto de pantalla,Descartar este medicamento,Descartar este medicamento,Discard this medication,,
Texto de pantalla,Describe la acción,Describe la acción,Describe the action,,
Texto de pantalla,Descripción (opcional),Descripción (opcional),Description (optional),,
Texto de pantalla,Descripción de la IA,Descripción de la IA,AI description,,
Texto de pantalla,Detalle de alerta,Detalle de alerta,Alert details,,
Texto de pantalla,Detectado automáticamente · revísalo,Detectado automáticamente · revísalo,Detected automatically · please review,,
Texto de pantalla,Detener,Detener,Stop,,
Texto de pantalla,Detener audio,Detener audio,Stop audio,,
Texto de pantalla,Diagnósticos (opcional),Diagnósticos (opcional),Diagnoses (optional),,
Texto de pantalla,diarrea,diarrea,diarrhea,,
Texto de pantalla,Diastólica,Diastólica,Diastolic,,
Texto de pantalla,dic,dic,Dec,,
Texto de pantalla,dolor,dolor,pain,,
Texto de pantalla,dolor de cabeza,dolor de cabeza,a headache,,
Texto de pantalla,dolor de pecho,dolor de pecho,chest pain,,
Texto de pantalla,Dom,Dom,Sun,,
Texto de pantalla,Dorso del pie,Dorso del pie,Top of the foot,,
Texto de pantalla,Dos lecturas no coinciden en {campo}. ¿Cuál dice la receta?,Dos lecturas no coinciden en {campo}. ¿Cuál dice la receta?,Two readings disagree on {campo}. Which one does the prescription say?,,Conservar {…} tal cual: se reemplaza por un dato
Texto de pantalla,Dosis,Dosis,Dose,,
Texto de pantalla,Duración,Duración,Duration,,
Texto de pantalla,Día,Día,Day,,
Texto de pantalla,día,día,day,,
Texto de pantalla,Editar perfil,Editar perfil,Edit profile,,
Texto de pantalla,"Ej.: Naproxeno 250 mg, 1 tableta cada 8 horas por 5 días","Ej.: Naproxeno 250 mg, 1 tableta cada 8 horas por 5 días","E.g.: Naproxen 250 mg, 1 tablet every 8 hours for 5 days",,
Texto de pantalla,El número de arriba debe ser mayor que el de abajo.,El número de arriba debe ser mayor que el de abajo.,The top number must be higher than the bottom one.,,
Texto de pantalla,El servicio no está disponible por ahora.,El servicio no está disponible por ahora.,The service is not available right now.,,
Texto de pantalla,El servidor no responde bien,El servidor no responde bien,The server is not responding correctly,,
Texto de pantalla,Elegir de la galería,Elegir de la galería,Choose from gallery,,
Texto de pantalla,Elegir fecha,Elegir fecha,Choose date,,
Texto de pantalla,Elegir imagen,Elegir imagen,Choose image,,
Texto de pantalla,Elige al menos un programa de cuidado.,Elige al menos un programa de cuidado.,Choose at least one care program.,,
Texto de pantalla,Elige el tipo de herida y la zona del cuerpo.,Elige el tipo de herida y la zona del cuerpo.,Choose the wound type and body area.,,
Texto de pantalla,Elige una opción.,Elige una opción.,Choose an option.,,
Texto de pantalla,Embarazo,Embarazo,Pregnancy,,
Texto de pantalla,Embarazo y puerperio,Embarazo y puerperio,Pregnancy and postpartum,,
Texto de pantalla,En español: pide apoyo de un intérprete,En español: pide apoyo de un intérprete,In Spanish: ask an interpreter for help,,
Texto de pantalla,En meta,En meta,On target,,
Texto de pantalla,En {n} minutos,En {n} minutos,In {n} minutes,,Conservar {…} tal cual: se reemplaza por un dato
Texto de pantalla,ene,ene,Jan,,
Texto de pantalla,English,English,English,,
Texto de pantalla,Entrar como {rol},Entrar como {rol},Enter as {rol},,Conservar {…} tal cual: se reemplaza por un dato
Texto de pantalla,Entrar con biometría,Entrar con biometría,Sign in with biometrics,,
Texto de pantalla,Entrega este código al paciente para identificarlo en consulta.,Entrega este código al paciente para identificarlo en consulta.,Give this code to the patient to identify them at appointments.,,
Texto de pantalla,Enviando…,Enviando…,Sending…,,
Texto de pantalla,Enviar foto,Enviar foto,Send photo,,
Texto de pantalla,Equipo de salud,Equipo de salud,Health team,,
Texto de pantalla,Error al enviar,Error al enviar,Error sending,,
Texto de pantalla,Error al registrar la cuenta,Error al registrar la cuenta,Could not create the account,,
Texto de pantalla,Error: {e},Error: {e},Error: {e},,Conservar {…} tal cual: se reemplaza por un dato
Texto de pantalla,Es hora de tomar {med},Es hora de tomar {med},It is time to take {med},,Conservar {…} tal cual: se reemplaza por un dato
Texto de pantalla,Es un producto combinado que el sistema aún no reconoce.,Es un producto combinado que el sistema aún no reconoce.,It's a combination product the system doesn't recognize yet.,,
Texto de pantalla,Escala confirmada.,Escala confirmada.,Scale confirmed.,,
Texto de pantalla,Escala {n}: {p},Escala {n}: {p},Scale {n}: {p},,Conservar {…} tal cual: se reemplaza por un dato
Texto de pantalla,Escanea el código QR que aparece en la app del paciente.,Escanea el código QR que aparece en la app del paciente.,Scan the QR code shown in the patient's app.,,
Texto de pantalla,Escanea el QR de un paciente que te tenga asignado como cuidador.,Escanea el QR de un paciente que te tenga asignado como cuidador.,Scan the QR of a patient who has you assigned as caregiver.,,
Texto de pantalla,Escanea el QR del paciente. Solo puedes registrarte si el equipo de salud ya te asignó como su cuidador.,Escanea el QR del paciente. Solo puedes registrarte si el equipo de salud ya te asignó como su cuidador.,Scan the patient's QR. You can only sign up if the health team already assigned you as their caregiver.,,
Texto de pantalla,Escanear,Escanear,Scan,,
Texto de pantalla,Escanear otro QR,Escanear otro QR,Scan another QR,,
Texto de pantalla,Escanear QR,Escanear QR,Scan QR,,
Texto de pantalla,Escanear QR del paciente,Escanear QR del paciente,Scan the patient's QR,,
Texto de pantalla,Escanear receta o caja,Escanear receta o caja,Scan prescription or box,,
Texto de pantalla,Escribe el nombre del cuidador responsable.,Escribe el nombre del cuidador responsable.,Enter the responsible caregiver's name.,,
Texto de pantalla,Escribe el número.,Escribe el número.,Enter the number.,,
Texto de pantalla,Escribe lo que dice la receta,Escribe lo que dice la receta,Type what the prescription says,,
Texto de pantalla,Escribe los dos números de la presión.,Escribe los dos números de la presión.,Enter both blood pressure numbers.,,
Texto de pantalla,Escribe tu clínica o institución médica.,Escribe tu clínica o institución médica.,Enter your clinic or medical institution.,,
Texto de pantalla,Escribe tu nombre completo,Escribe tu nombre completo,Enter your full name,,
Texto de pantalla,Escribe tu nombre.,Escribe tu nombre.,Enter your name.,,
Texto de pantalla,Escribe un correo válido.,Escribe un correo válido.,Enter a valid email.,,
Texto de pantalla,Escribir código,Escribir código,Type code,,
Texto de pantalla,Escuchar indicaciones,Escuchar indicaciones,Listen to instructions,,
Texto de pantalla,Espalda,Espalda,Back,,
Texto de pantalla,Español,Español,Spanish,,
Texto de pantalla,"Esta alerta la atiende el equipo de salud. Si hay una emergencia, llama al 911 o acude a urgencias.","Esta alerta la atiende el equipo de salud. Si hay una emergencia, llama al 911 o acude a urgencias.","The health team handles this alert. In an emergency, call 911 or go to the emergency room.",,
Texto de pantalla,Esta alerta ya estaba atendida.,Esta alerta ya estaba atendida.,This alert was already handled.,,
Texto de pantalla,Esta línea se leyó con dudas. Compárala con la foto.,Esta línea se leyó con dudas. Compárala con la foto.,This line was read with doubts. Compare it with the photo.,,
Texto de pantalla,Esta receta ya se había guardado.,Esta receta ya se había guardado.,This prescription was already saved.,,
Texto de pantalla,Estable respecto a {ref},Estable respecto a {ref},Stable compared with {ref},,Conservar {…} tal cual: se reemplaza por un dato
Texto de pantalla,Estado,Estado,Status,,
Texto de pantalla,Estado: {estado},Estado: {estado},Status: {estado},,Conservar {…} tal cual: se reemplaza por un dato
Texto de pantalla,Este paciente aún no tiene un cuidador asignado. Pide al equipo de salud que te registre como su cuidador para continuar.,Este paciente aún no tiene un cuidador asignado. Pide al equipo de salud que te registre como su cuidador para continuar.,This patient has no assigned caregiver yet. Ask the health team to register you as their caregiver to continue.,,
Texto de pantalla,Esto ya estaba registrado.,Esto ya estaba registrado.,This was already recorded.,,
Texto de pantalla,Estos son los horarios propuestos. Cámbialos si hace falta; a esas horas sonará un recordatorio en tu teléfono.,Estos son los horarios propuestos. Cámbialos si hace falta; a esas horas sonará un recordatorio en tu teléfono.,These are the suggested times. Change them if needed; a reminder will ring on your phone at those times.,,
Texto de pantalla,Evolución,Evolución,Progress,,
Texto de pantalla,Expediente,Expediente,Medical record,,
Texto de pantalla,falta de aire,falta de aire,shortness of breath,,
Texto de pantalla,Falta:,Falta:,Missing:,,
Texto de pantalla,Faltan datos para evaluar tu registro,Faltan datos para evaluar tu registro,Some data is missing to evaluate your record,,
Texto de pantalla,feb,feb,Feb,,
Texto de pantalla,Fecha,Fecha,Date,,
Texto de pantalla,Fecha de nacimiento,Fecha de nacimiento,Date of birth,,
Texto de pantalla,fiebre,fiebre,fever,,
Texto de pantalla,Firma del paciente o su representante,Firma del paciente o su representante,Signature of the patient or their representative,,
Texto de pantalla,Firmar y dar de alta,Firmar y dar de alta,Sign and register,,
Texto de pantalla,Foto de la herida,Foto de la herida,Wound photo,,
Texto de pantalla,Foto de la receta,Foto de la receta,Prescription photo,,
Texto de pantalla,Foto de perfil actualizada.,Foto de perfil actualizada.,Profile photo updated.,,
Texto de pantalla,Foto de seguimiento,Foto de seguimiento,Follow-up photo,,
Texto de pantalla,Foto eliminada.,Foto eliminada.,Photo removed.,,
Texto de pantalla,Foto enviada,Foto enviada,Photo sent,,
Texto de pantalla,Foto lista,Foto lista,Photo ready,,
Texto de pantalla,Fotos,Fotos,Photos,,
Texto de pantalla,Frecuencia,Frecuencia,Frequency,,
Texto de pantalla,Frecuencia cardiaca,Frecuencia cardiaca,Heart rate,,
Texto de pantalla,Frecuencia de mediciones,Frecuencia de mediciones,Measurement frequency,,
Texto de pantalla,Fuerte,Fuerte,Strong,,
Texto de pantalla,Generado automáticamente: verifícalo con los datos.,Generado automáticamente: verifícalo con los datos.,Generated automatically: check it against the data.,,
Texto de pantalla,Glucosa,Glucosa,Glucose,,
Texto de pantalla,Gravedad,Gravedad,Severity,,
Texto de pantalla,"Gráfica de frecuencia: {n} mediciones, en promedio {p} por {u}.","Gráfica de frecuencia: {n} mediciones, en promedio {p} por {u}.","Frequency chart: {n} measurements, on average {p} per {u}.",,Conservar {…} tal cual: se reemplaza por un dato
Texto de pantalla,Gráfica de glucosa. Último promedio: {g} mg/dL.,Gráfica de glucosa. Último promedio: {g} mg/dL.,Glucose chart. Latest average: {g} mg/dL.,,Conservar {…} tal cual: se reemplaza por un dato
Texto de pantalla,Gráfica de presión. Último promedio: {s} sobre {d}.,Gráfica de presión. Último promedio: {s} sobre {d}.,Blood pressure chart. Latest average: {s} over {d}.,,Conservar {…} tal cual: se reemplaza por un dato
Texto de pantalla,Guardado a las {h},Guardado a las {h},Saved at {h},,Conservar {…} tal cual: se reemplaza por un dato
Texto de pantalla,Guardar,Guardar,Save,,
Texto de pantalla,Guardar cambios,Guardar cambios,Save changes,,
Texto de pantalla,Hay {n} medicamento(s) que no se pudieron leer. Agrégalos a mano o toma otra foto.,Hay {n} medicamento(s) que no se pudieron leer. Agrégalos a mano o toma otra foto.,{n} medication(s) couldn't be read. Add them by hand or take another photo.,,Conservar {…} tal cual: se reemplaza por un dato
Texto de pantalla,He leído el aviso de privacidad,He leído el aviso de privacidad,I have read the privacy notice,,
Texto de pantalla,Herida,Herida,Wound,,
Texto de pantalla,Herida quirúrgica,Herida quirúrgica,Surgical wound,,
Texto de pantalla,Heridas en seguimiento,Heridas en seguimiento,Wounds being followed,,
Texto de pantalla,hinchazón,hinchazón,swelling,,
Texto de pantalla,Historial,Historial,History,,
Texto de pantalla,Historial de mediciones,Historial de mediciones,Measurement history,,
Texto de pantalla,Hombre,Hombre,Male,,
Texto de pantalla,Hora,Hora,Time,,
Texto de pantalla,Hora de tu medicamento,Hora de tu medicamento,Time for your medication,,
Texto de pantalla,Horario,Horario,Time,,
Texto de pantalla,Horarios,Horarios,Times,,
Texto de pantalla,Horarios de toma,Horarios de toma,Dose times,,
Texto de pantalla,hormigueo o adormecimiento,hormigueo o adormecimiento,tingling or numbness,,
Texto de pantalla,Hoy,Hoy,Today,,
Texto de pantalla,Hoy no hay preguntas en tu plan.,Hoy no hay preguntas en tu plan.,There are no questions in your plan today.,,
Texto de pantalla,Hñähñu,Hñähñu,Hñähñu,,
Texto de pantalla,Idioma,Idioma,Language,,
Texto de pantalla,Indicaciones (p. ej. con alimentos),Indicaciones (p. ej. con alimentos),Instructions (e.g. with food),,
Texto de pantalla,Inicia sesión otra vez para continuar.,Inicia sesión otra vez para continuar.,Sign in again to continue.,,
Texto de pantalla,Iniciar sesión,Iniciar sesión,Sign in,,
Texto de pantalla,Intenta de nuevo en un momento.,Intenta de nuevo en un momento.,Try again in a moment.,,
Texto de pantalla,Izquierdo,Izquierdo,Left,,
Texto de pantalla,Jue,Jue,Thu,,
Texto de pantalla,jul,jul,Jul,,
Texto de pantalla,jun,jun,Jun,,
Texto de pantalla,La contraseña debe tener al menos 8 caracteres.,La contraseña debe tener al menos 8 caracteres.,The password must have at least 8 characters.,,
Texto de pantalla,La cédula profesional debe tener 7 u 8 dígitos.,La cédula profesional debe tener 7 u 8 dígitos.,The professional license number must have 7 or 8 digits.,,
Texto de pantalla,La IA describe y compara las fotos; no diagnostica. Todo queda para revisión del equipo de salud.,La IA describe y compara las fotos; no diagnostica. Todo queda para revisión del equipo de salud.,AI describes and compares the photos; it does not diagnose. Everything is left for the health team to review.,,
Texto de pantalla,La lectura automática no está disponible. Escribe la receta.,La lectura automática no está disponible. Escribe la receta.,Automatic reading is not available. Type the prescription.,,
Texto de pantalla,La lectura es dudosa: compárala con la foto.,La lectura es dudosa: compárala con la foto.,The reading is doubtful: compare it with the photo.,,
Texto de pantalla,La moneda en el mismo plano que la herida.,La moneda en el mismo plano que la herida.,The coin on the same plane as the wound.,,
Texto de pantalla,la semana anterior,la semana anterior,the previous week,,
Texto de pantalla,La sustancia la clasificó la IA; no está en el catálogo.,La sustancia la clasificó la IA; no está en el catálogo.,The substance was classified by AI; it is not in the catalog.,,
Texto de pantalla,La sustancia la dedujo la IA: confírmala.,La sustancia la dedujo la IA: confírmala.,The substance was inferred by AI: confirm it.,,
Texto de pantalla,Lado,Lado,Side,,
Texto de pantalla,las 6 semanas anteriores,las 6 semanas anteriores,the previous 6 weeks,,
Texto de pantalla,Lesión de piel,Lesión de piel,Skin lesion,,
Texto de pantalla,Letra grande y botones grandes,Letra grande y botones grandes,Large text and large buttons,,
Texto de pantalla,Leve,Leve,Mild,,
Texto de pantalla,Leyendo la receta,Leyendo la receta,Reading the prescription,,
Texto de pantalla,Leyendo tu receta… puede tardar hasta 25 segundos.,Leyendo tu receta… puede tardar hasta 25 segundos.,Reading your prescription… it may take up to 25 seconds.,,
Texto de pantalla,Leyendo tu receta… puede tardar unos segundos.,Leyendo tu receta… puede tardar unos segundos.,Reading your prescription… it may take a few seconds.,,
Texto de pantalla,Listo,Listo,Done,,
Texto de pantalla,Listo. Puedes enviar la foto o tocar de nuevo para corregir.,Listo. Puedes enviar la foto o tocar de nuevo para corregir.,Done. You can send the photo or tap again to correct.,,
Texto de pantalla,llagas en la boca,llagas en la boca,mouth sores,,
Texto de pantalla,Lo que se detectó,Lo que se detectó,What was detected,,
Texto de pantalla,los 3 meses anteriores,los 3 meses anteriores,the previous 3 months,,
Texto de pantalla,Los recordatorios quedaron programados en tu teléfono.,Los recordatorios quedaron programados en tu teléfono.,The reminders were scheduled on your phone.,,
Texto de pantalla,Lun,Lun,Mon,,
Texto de pantalla,Límite de meta,Límite de meta,Target limit,,
Texto de pantalla,Mano,Mano,Hand,,
Texto de pantalla,Mar,Mar,Tue,,
Texto de pantalla,mar,mar,Mar,,
Texto de pantalla,Marcar todas,Marcar todas,Mark all,,
Texto de pantalla,mareo,mareo,dizziness,,
Texto de pantalla,may,may,May,,
Texto de pantalla,Me hizo sentir mal,Me hizo sentir mal,It made me feel bad,,
Texto de pantalla,Medicación,Medicación,Medication,,
Texto de pantalla,Medicamento {n} de {t},Medicamento {n} de {t},Medication {n} of {t},,Conservar {…} tal cual: se reemplaza por un dato
Texto de pantalla,Medicamentos,Medicamentos,Medications,,
Texto de pantalla,Medicamentos guardados,Medicamentos guardados,Medications saved,,
Texto de pantalla,Medicinas,Medicinas,Meds,,
Texto de pantalla,Mediciones,Mediciones,Measurements,,
Texto de pantalla,mediciones,mediciones,measurements,,
Texto de pantalla,Medición,Medición,Measurement,,
Texto de pantalla,medición,medición,measurement,,
Texto de pantalla,Menor a {s}/{d},Menor a {s}/{d},Below {s}/{d},,Conservar {…} tal cual: se reemplaza por un dato
Texto de pantalla,menos movimientos del bebé,menos movimientos del bebé,fewer baby movements,,
Texto de pantalla,Mes,Mes,Month,,
Texto de pantalla,mes,mes,month,,
Texto de pantalla,Meta,Meta,Target,,
Texto de pantalla,Mi código QR,Mi código QR,My QR code,,
Texto de pantalla,Mis medicamentos,Mis medicamentos,My medications,,
Texto de pantalla,Mis pacientes,Mis pacientes,My patients,,
Texto de pantalla,Mié,Mié,Wed,,
Texto de pantalla,Moderado,Moderado,Moderate,,
Texto de pantalla,Modo demo (sin servidor),Modo demo (sin servidor),Demo mode (no server),,
Texto de pantalla,Modo demo: entrar sin login,Modo demo: entrar sin login,Demo mode: enter without signing in,,
Texto de pantalla,Momento,Momento,Timing,,
Texto de pantalla,Moneda de 10 pesos,Moneda de 10 pesos,10-peso coin,,
Texto de pantalla,Mostrar mi código QR,Mostrar mi código QR,Show my QR code,,
Texto de pantalla,Motivo,Motivo,Reason,,
Texto de pantalla,Muestra este código en la clínica para identificarte en consulta,Muestra este código en la clínica para identificarte en consulta,Show this code at the clinic to identify yourself,,
Texto de pantalla,Mujer,Mujer,Female,,
Texto de pantalla,Muslo,Muslo,Thigh,,
Texto de pantalla,Muy fuerte,Muy fuerte,Very strong,,
Texto de pantalla,Más tarde,Más tarde,Later,,
Texto de pantalla,Médico,Médico,Doctor,,
Texto de pantalla,Médico verificado,Médico verificado,Verified doctor,,
Texto de pantalla,mín / máx / frecuencia / meta → PUT /pacientes/:id/plan,mín / máx / frecuencia / meta → PUT /pacientes/:id/plan,min / max / frequency / target → PUT /pacientes/:id/plan,,
Texto de pantalla,Nada por aquí,Nada por aquí,Nothing here,,
Texto de pantalla,Ninguna,Ninguna,None,,
Texto de pantalla,Ninguna registrada,Ninguna registrada,None recorded,,
Texto de pantalla,No,No,No,,
Texto de pantalla,No acepto,No acepto,I do not accept,,
Texto de pantalla,No detectamos medicamentos,No detectamos medicamentos,We didn't detect medications,,
Texto de pantalla,No disponible en este dispositivo.,No disponible en este dispositivo.,Not available on this device.,,
Texto de pantalla,No encontramos este medicamento en el catálogo.,No encontramos este medicamento en el catálogo.,We didn't find this medication in the catalog.,,
Texto de pantalla,No hay conexión con el servidor. Revisa el cable o la red.,No hay conexión con el servidor. Revisa el cable o la red.,No connection to the server. Check the cable or the network.,,
Texto de pantalla,No hay información todavía,No hay información todavía,No information yet,,
Texto de pantalla,No hay notificaciones en este filtro.,No hay notificaciones en este filtro.,No notifications in this filter.,,
Texto de pantalla,No hay registros pendientes de enviar.,No hay registros pendientes de enviar.,No records pending to send.,,
Texto de pantalla,No leídas,No leídas,Unread,,
Texto de pantalla,No me la tomé,No me la tomé,I didn't take it,,
Texto de pantalla,No queda ningún medicamento.,No queda ningún medicamento.,No medications left.,,
Texto de pantalla,No se encontró la información.,No se encontró la información.,The information was not found.,,
Texto de pantalla,No se pudieron programar los recordatorios. Revisa el permiso de notificaciones.,No se pudieron programar los recordatorios. Revisa el permiso de notificaciones.,Couldn't schedule the reminders. Check the notification permission.,,
Texto de pantalla,"No se pudo abrir la cámara. Usa ""Escribir código"".","No se pudo abrir la cámara. Usa ""Escribir código"".","Could not open the camera. Use ""Type code"".",,
Texto de pantalla,No se pudo cambiar la foto.,No se pudo cambiar la foto.,Could not change the photo.,,
Texto de pantalla,No se pudo cargar,No se pudo cargar,Couldn't load,,
Texto de pantalla,No se pudo dar de alta. Intenta de nuevo.,No se pudo dar de alta. Intenta de nuevo.,Couldn't register. Try again.,,
Texto de pantalla,No se pudo entrar con la cuenta de demo.,No se pudo entrar con la cuenta de demo.,Couldn't sign in with the demo account.,,
Texto de pantalla,No se pudo enviar la foto.,No se pudo enviar la foto.,Couldn't send the photo.,,
Texto de pantalla,No se pudo guardar. Intenta de nuevo.,No se pudo guardar. Intenta de nuevo.,Couldn't save. Try again.,,
Texto de pantalla,No se pudo leer la receta. Prueba con otra foto.,No se pudo leer la receta. Prueba con otra foto.,Couldn't read the prescription. Try another photo.,,
Texto de pantalla,No se pudo registrar. Intenta de nuevo.,No se pudo registrar. Intenta de nuevo.,Couldn't record. Try again.,,
Texto de pantalla,No sé,No sé,I don't know,,
Texto de pantalla,No tengo el medicamento,No tengo el medicamento,I don't have the medication,,
Texto de pantalla,Nombre comercial,Nombre comercial,Brand name,,
Texto de pantalla,Nombre completo,Nombre completo,Full name,,
Texto de pantalla,Nombre del cuidador,Nombre del cuidador,Caregiver's name,,
Texto de pantalla,Nombre del medicamento,Nombre del medicamento,Medication name,,
Texto de pantalla,Notificaciones,Notificaciones,Notifications,,
Texto de pantalla,"Notificaciones, {n} sin leer","Notificaciones, {n} sin leer","Notifications, {n} unread",,Conservar {…} tal cual: se reemplaza por un dato
Texto de pantalla,nov,nov,Nov,,
Texto de pantalla,Nueva,Nueva,New,,
Texto de pantalla,náusea,náusea,nausea,,
Texto de pantalla,oct,oct,Oct,,
Texto de pantalla,Omitida,Omitida,Missed,,
Texto de pantalla,Omitidas,Omitidas,Missed,,
Texto de pantalla,oncologia,oncologia,Oncology,,
Texto de pantalla,Oncología,Oncología,Oncology,,
Texto de pantalla,oral,oral,oral,,
Texto de pantalla,Otomí del Mezquital (ote),Otomí del Mezquital (ote),Mezquital Otomi (ote),,
Texto de pantalla,Otra,Otra,Other,,
Texto de pantalla,Otro medicamento,Otro medicamento,Other medication,,
Texto de pantalla,Otro medicamento…,Otro medicamento…,Other medication…,,
Texto de pantalla,Otro motivo,Otro motivo,Other reason,,
Texto de pantalla,Paciente,Paciente,Patient,,
Texto de pantalla,Paciente a tu cargo,Paciente a tu cargo,Patient in your care,,
Texto de pantalla,Paciente {id},Paciente {id},Patient {id},,Conservar {…} tal cual: se reemplaza por un dato
Texto de pantalla,Paciente: {p},Paciente: {p},Patient: {p},,Conservar {…} tal cual: se reemplaza por un dato
Texto de pantalla,Pacientes,Pacientes,Patients,,
Texto de pantalla,Para revisión del equipo,Para revisión del equipo,For the team to review,,
Texto de pantalla,Para una buena foto,Para una buena foto,For a good photo,,
Texto de pantalla,Pasaron 30 minutos sin respuesta y la toma quedó como omitida.,Pasaron 30 minutos sin respuesta y la toma quedó como omitida.,30 minutes passed without a response and the dose was marked as missed.,,
Texto de pantalla,Paso {n} de {t},Paso {n} de {t},Step {n} of {t},,Conservar {…} tal cual: se reemplaza por un dato
Texto de pantalla,Pendiente,Pendiente,Pending,,
Texto de pantalla,Pendiente de validación clínica,Pendiente de validación clínica,Pending clinical validation,,
Texto de pantalla,Perfil,Perfil,Profile,,
Texto de pantalla,Perfil actualizado.,Perfil actualizado.,Profile updated.,,
Texto de pantalla,Peso,Peso,Weight,,
Texto de pantalla,Pide tu huella o rostro al abrir la app.,Pide tu huella o rostro al abrir la app.,Asks for your fingerprint or face when opening the app.,,
Texto de pantalla,Pie diabético,Pie diabético,Diabetic foot,,
Texto de pantalla,Pierna,Pierna,Leg,,
Texto de pantalla,Plan de control,Plan de control,Monitoring plan,,
Texto de pantalla,Planta del pie,Planta del pie,Sole of the foot,,
Texto de pantalla,Por revisar: no lo encontramos en el catálogo. Tu equipo de salud lo revisará.,Por revisar: no lo encontramos en el catálogo. Tu equipo de salud lo revisará.,To review: we didn't find it in the catalog. Your health team will review it.,,
Texto de pantalla,Pospuesta,Pospuesta,Snoozed,,
Texto de pantalla,Preferencias,Preferencias,Preferences,,
Texto de pantalla,Preferencias y accesibilidad,Preferencias y accesibilidad,Preferences and accessibility,,
Texto de pantalla,Prefiere escuchar audios,Prefiere escuchar audios,Prefers listening to audio,,
Texto de pantalla,Prefiere pictogramas,Prefiere pictogramas,Prefers pictograms,,
Texto de pantalla,Prefiero escribir la receta,Prefiero escribir la receta,I'd rather type the prescription,,
Texto de pantalla,Prefiero escuchar audios,Prefiero escuchar audios,I prefer listening to audio,,
Texto de pantalla,Prefiero pictogramas,Prefiero pictogramas,I prefer pictograms,,
Texto de pantalla,Presión,Presión,Blood pressure,,
Texto de pantalla,Privacidad y consentimiento,Privacidad y consentimiento,Privacy and consent,,
Texto de pantalla,Probar Pantalla de Registro,Probar Pantalla de Registro,Try the sign-up screen,,
Texto de pantalla,Producto combinado:,Producto combinado:,Combination product:,,
Texto de pantalla,Programa de cuidado,Programa de cuidado,Care program,,
Texto de pantalla,Programa de seguimiento (elige uno o más),Programa de seguimiento (elige uno o más),Follow-up program (choose one or more),,
Texto de pantalla,Promedio,Promedio,Average,,
Texto de pantalla,Promedio de glucosa por {u},Promedio de glucosa por {u},Average glucose per {u},,Conservar {…} tal cual: se reemplaza por un dato
Texto de pantalla,Promedio de presión por {u},Promedio de presión por {u},Average blood pressure per {u},,Conservar {…} tal cual: se reemplaza por un dato
Texto de pantalla,Prueba con una foto más clara y con buena luz.,Prueba con una foto más clara y con buena luz.,Try a clearer photo with good lighting.,,
Texto de pantalla,Próximas tomas,Próximas tomas,Upcoming doses,,
Texto de pantalla,"Puedes agregar varias. ¿No está? Elige ""Otro medicamento…"".","Puedes agregar varias. ¿No está? Elige ""Otro medicamento…"".","You can add several. Not listed? Choose ""Other medication…"".",,
Texto de pantalla,Puerperio,Puerperio,Postpartum,,
Texto de pantalla,Puerperio (postparto - primeros 42 días),Puerperio (postparto - primeros 42 días),Postpartum (first 42 days),,
Texto de pantalla,QR de identificación,QR de identificación,Identification QR,,
Texto de pantalla,QR del paciente,QR del paciente,Patient's QR,,
Texto de pantalla,Quitar foto,Quitar foto,Remove photo,,
Texto de pantalla,Quitar horario {h},Quitar horario {h},Remove time {h},,Conservar {…} tal cual: se reemplaza por un dato
Texto de pantalla,Quitar {a},Quitar {a},Remove {a},,Conservar {…} tal cual: se reemplaza por un dato
Texto de pantalla,Rango de meta,Rango de meta,Target range,,
Texto de pantalla,Recordatorio,Recordatorio,Reminder,,
Texto de pantalla,Recordatorios,Recordatorios,Reminders,,
Texto de pantalla,Recordatorios de toma,Recordatorios de toma,Dose reminders,,
Texto de pantalla,Referencia de tamaño,Referencia de tamaño,Size reference,,
Texto de pantalla,Registra una herida para darle seguimiento con fotos.,Registra una herida para darle seguimiento con fotos.,Register a wound to follow it with photos.,,
Texto de pantalla,Registramos que no la tomaste.,Registramos que no la tomaste.,We recorded that you didn't take it.,,
Texto de pantalla,Registrar,Registrar,Log,,
Texto de pantalla,Registrar herida,Registrar herida,Register wound,,
Texto de pantalla,Registro de mediciones,Registro de mediciones,Measurement log,,
Texto de pantalla,Registro en MEDMAP,Registro en MEDMAP,Sign up for MEDMAP,,
Texto de pantalla,Registro en SENDA,Registro en SENDA,Sign up for SENDA,,
Texto de pantalla,Registro que la originó,Registro que la originó,Record that triggered it,,
Texto de pantalla,Reintentar,Reintentar,Retry,,
Texto de pantalla,Resultado,Resultado,Result,,
Texto de pantalla,Resumen automático,Resumen automático,Automatic summary,,
Texto de pantalla,Resumen para consulta,Resumen para consulta,Appointment summary,,
Texto de pantalla,Revisa la foto y envíala.,Revisa la foto y envíala.,Check the photo and send it.,,
Texto de pantalla,Revisa los datos marcados.,Revisa los datos marcados.,Check the highlighted fields.,,
Texto de pantalla,Revisa que todo sea correcto:,Revisa que todo sea correcto:,Check that everything is correct:,,
Texto de pantalla,Revisa tu internet. Lo que registres se guarda en el teléfono.,Revisa tu internet. Lo que registres se guarda en el teléfono.,Check your internet. What you log is saved on the phone.,,
Texto de pantalla,Revisa y corrige,Revisa y corrige,Review and correct,,
Texto de pantalla,Revisar medicamentos,Revisar medicamentos,Review medications,,
Texto de pantalla,Revísalo: tu equipo de salud lo confirmará.,Revísalo: tu equipo de salud lo confirmará.,Review it: your health team will confirm it.,,
Texto de pantalla,Rodilla,Rodilla,Knee,,
Texto de pantalla,Rojo,Rojo,Red,,
Texto de pantalla,Sacro o glúteo,Sacro o glúteo,Sacrum or buttock,,
Texto de pantalla,salida de líquido,salida de líquido,fluid leakage,,
Texto de pantalla,sangrado,sangrado,bleeding,,
Texto de pantalla,Se acudió a urgencias,Se acudió a urgencias,Went to the emergency room,,
Texto de pantalla,Se administró medicamento indicado,Se administró medicamento indicado,The prescribed medication was given,,
Texto de pantalla,Se contactó al paciente,Se contactó al paciente,The patient was contacted,,
Texto de pantalla,Se detectaron {n} medicamento(s).,Se detectaron {n} medicamento(s).,{n} medication(s) detected.,,Conservar {…} tal cual: se reemplaza por un dato
Texto de pantalla,Se guardará marcado para que tu equipo de salud lo revise.,Se guardará marcado para que tu equipo de salud lo revise.,It will be saved flagged for your health team to review.,,
Texto de pantalla,"Se guardará: ""{a}""","Se guardará: ""{a}""","This will be saved: ""{a}""",,Conservar {…} tal cual: se reemplaza por un dato
Texto de pantalla,Se me olvidó,Se me olvidó,I forgot,,
Texto de pantalla,"Se muestran texto, audio y pictograma cuando existen en el catálogo.","Se muestran texto, audio y pictograma cuando existen en el catálogo.","Text, audio and pictogram are shown when available in the catalog.",,
Texto de pantalla,Se pasarán a tu expediente para que el equipo de salud las revise.,Se pasarán a tu expediente para que el equipo de salud las revise.,They will be added to your record for the health team to review.,,
Texto de pantalla,Se registrará la toma de las {hora}.,Se registrará la toma de las {hora}.,The {hora} dose will be recorded.,,Conservar {…} tal cual: se reemplaza por un dato
Texto de pantalla,Seguimiento de heridas,Seguimiento de heridas,Wound follow-up,,
Texto de pantalla,Selecciona tu tipo de usuario para configurar tu cuenta.,Selecciona tu tipo de usuario para configurar tu cuenta.,Choose your user type to set up your account.,,
Texto de pantalla,Semana,Semana,Week,,
Texto de pantalla,semana,semana,week,,
Texto de pantalla,sep,sep,Sep,,
Texto de pantalla,Sexo,Sexo,Sex,,
Texto de pantalla,Siguiente,Siguiente,Next,,
Texto de pantalla,Simular sin conexión (demo),Simular sin conexión (demo),Simulate offline (demo),,
Texto de pantalla,Sin alergias registradas. Déjalo vacío si no tienes alergias a medicamentos.,Sin alergias registradas. Déjalo vacío si no tienes alergias a medicamentos.,No allergies recorded. Leave it empty if you have no drug allergies.,,
Texto de pantalla,Sin alertas activas,Sin alertas activas,No active alerts,,
Texto de pantalla,Sin conexión,Sin conexión,No connection,,
Texto de pantalla,Sin conexión con el servidor,Sin conexión con el servidor,No connection to the server,,
Texto de pantalla,Sin conexión · {n} pendientes,Sin conexión · {n} pendientes,No connection · {n} pending,,Conservar {…} tal cual: se reemplaza por un dato
Texto de pantalla,Sin conexión. El alta necesita internet.,Sin conexión. El alta necesita internet.,No connection. Registration needs internet.,,
Texto de pantalla,Sin conexión. Intenta más tarde.,Sin conexión. Intenta más tarde.,No connection. Try again later.,,
Texto de pantalla,Sin conexión. La foto no se envió.,Sin conexión. La foto no se envió.,No connection. The photo was not sent.,,
Texto de pantalla,Sin conexión. La foto no se guardó.,Sin conexión. La foto no se guardó.,No connection. The photo was not saved.,,
Texto de pantalla,Sin conexión. No se guardó nada; intenta de nuevo.,Sin conexión. No se guardó nada; intenta de nuevo.,No connection. Nothing was saved; try again.,,
Texto de pantalla,Sin conexión. No se pudo atender la alerta.,Sin conexión. No se pudo atender la alerta.,No connection. The alert could not be handled.,,
Texto de pantalla,Sin conexión. Para leer la receta necesitas internet.,Sin conexión. Para leer la receta necesitas internet.,No connection. You need internet to read the prescription.,,
Texto de pantalla,Sin conexión. Revisa tu internet e intenta de nuevo.,Sin conexión. Revisa tu internet e intenta de nuevo.,No connection. Check your internet and try again.,,
Texto de pantalla,Sin conexión: guardado en el teléfono. Se enviará solo.,Sin conexión: guardado en el teléfono. Se enviará solo.,No connection: saved on the phone. It will be sent automatically.,,
Texto de pantalla,sin datos,sin datos,no data,,
Texto de pantalla,Sin fotos todavía,Sin fotos todavía,No photos yet,,
Texto de pantalla,Sin heridas en seguimiento,Sin heridas en seguimiento,No wounds being followed,,
Texto de pantalla,Sin horarios. Agrega al menos uno.,Sin horarios. Agrega al menos uno.,No times. Add at least one.,,
Texto de pantalla,Sin leer. ,Sin leer. ,Unread. ,,
Texto de pantalla,Sin medicamento: {n},Sin medicamento: {n},Without medication: {n},,Conservar {…} tal cual: se reemplaza por un dato
Texto de pantalla,Sin medicamentos activos.,Sin medicamentos activos.,No active medications.,,
Texto de pantalla,Sin notificaciones,Sin notificaciones,No notifications,,
Texto de pantalla,Sin permisos,Sin permisos,No permission,,
Texto de pantalla,Sin registro asociado.,Sin registro asociado.,No associated record.,,
Texto de pantalla,Sin resumen automático: se muestran solo los datos.,Sin resumen automático: se muestran solo los datos.,No automatic summary: only the data is shown.,,
Texto de pantalla,Sincronización,Sincronización,Sync,,
Texto de pantalla,Sincronizado,Sincronizado,Synced,,
Texto de pantalla,Sincronizando…,Sincronizando…,Syncing…,,
Texto de pantalla,Sincronizar ahora,Sincronizar ahora,Sync now,,
Texto de pantalla,Sistólica,Sistólica,Systolic,,
Texto de pantalla,Sitio de catéter,Sitio de catéter,Catheter site,,
Texto de pantalla,Solo se guardará lo que revisaste. Se programarán recordatorios en tu teléfono.,Solo se guardará lo que revisaste. Se programarán recordatorios en tu teléfono.,Only what you reviewed will be saved. Reminders will be scheduled on your phone.,,
Texto de pantalla,Subió {d} {u} respecto a {ref},Subió {d} {u} respecto a {ref},Up {d} {u} compared with {ref},,Conservar {…} tal cual: se reemplaza por un dato
Texto de pantalla,Suena y vibra a la hora de cada toma hasta que respondas.,Suena y vibra a la hora de cada toma hasta que respondas.,Rings and vibrates at each dose time until you respond.,,
Texto de pantalla,Sustancia activa,Sustancia activa,Active ingredient,,
Texto de pantalla,Sáb,Sáb,Sat,,
Texto de pantalla,Talón,Talón,Heel,,
Texto de pantalla,Tamaño,Tamaño,Size,,
Texto de pantalla,Tamaño de letra: {n}%,Tamaño de letra: {n}%,Text size: {n}%,,Conservar {…} tal cual: se reemplaza por un dato
Texto de pantalla,Tamaño medido,Tamaño medido,Measured size,,
Texto de pantalla,Tarjeta,Tarjeta,Card,,
Texto de pantalla,Te lo recordaremos en {n} minutos.,Te lo recordaremos en {n} minutos.,We will remind you in {n} minutes.,,Conservar {…} tal cual: se reemplaza por un dato
Texto de pantalla,Te toca a las {hora},Te toca a las {hora},Due at {hora},,Conservar {…} tal cual: se reemplaza por un dato
Texto de pantalla,Teléfono,Teléfono,Phone,,
Texto de pantalla,Teléfono o contacto,Teléfono o contacto,Phone or contact,,
Texto de pantalla,"temblor, sudor o debilidad (azúcar baja)","temblor, sudor o debilidad (azúcar baja)","shaking, sweating or weakness (low sugar)",,
Texto de pantalla,Temperatura,Temperatura,Temperature,,
Texto de pantalla,Tendencia,Tendencia,Trend,,
Texto de pantalla,Tendrás que iniciar sesión otra vez.,Tendrás que iniciar sesión otra vez.,You will need to sign in again.,,
Texto de pantalla,Texto leído,Texto leído,Text read,,
Texto de pantalla,Tipo de herida,Tipo de herida,Wound type,,
Texto de pantalla,Tipo de sangre,Tipo de sangre,Blood type,,
Texto de pantalla,Tipo de usuario,Tipo de usuario,User type,,
Texto de pantalla,Tobillo,Tobillo,Ankle,,
Texto de pantalla,Toca la moneda en la foto.,Toca la moneda en la foto.,Tap the coin in the photo.,,
Texto de pantalla,Toca la tarjeta en la foto.,Toca la tarjeta en la foto.,Tap the card in the photo.,,
Texto de pantalla,Toda la herida dentro del cuadro.,Toda la herida dentro del cuadro.,The whole wound inside the frame.,,
Texto de pantalla,Todas,Todas,All,,
Texto de pantalla,Todas las mediciones,Todas las mediciones,All measurements,,
Texto de pantalla,Todo sincronizado,Todo sincronizado,All synced,,
Texto de pantalla,Todos,Todos,All,,
Texto de pantalla,Toma de medicamento,Toma de medicamento,Medication dose,,
Texto de pantalla,Toma omitida,Toma omitida,Missed dose,,
Texto de pantalla,Toma omitida de las {hora},Toma omitida de las {hora},Missed dose at {hora},,Conservar {…} tal cual: se reemplaza por un dato
Texto de pantalla,Toma registrada.,Toma registrada.,Dose recorded.,,
Texto de pantalla,Toma una foto clara de la receta o de la caja del medicamento.,Toma una foto clara de la receta o de la caja del medicamento.,Take a clear photo of the prescription or the medication box.,,
Texto de pantalla,Toma una foto de tu receta o caja para agregarlos.,Toma una foto de tu receta o caja para agregarlos.,Take a photo of your prescription or box to add them.,,
Texto de pantalla,Toma {dosis},Toma {dosis},Take {dosis},,Conservar {…} tal cual: se reemplaza por un dato
Texto de pantalla,Tomada,Tomada,Taken,,
Texto de pantalla,Tomadas: {t} · Omitidas: {o},Tomadas: {t} · Omitidas: {o},Taken: {t} · Missed: {o},,Conservar {…} tal cual: se reemplaza por un dato
Texto de pantalla,Tomar foto,Tomar foto,Take photo,,
Texto de pantalla,Tomar otra foto,Tomar otra foto,Take another photo,,
Texto de pantalla,Tu cuenta no puede ver esta información.,Tu cuenta no puede ver esta información.,Your account cannot see this information.,,
Texto de pantalla,Tu cédula profesional se está verificando,Tu cédula profesional se está verificando,Your professional license is being verified,,
Texto de pantalla,Tu firma,Tu firma,Your signature,,
Texto de pantalla,Tu médico aún no fija la meta de {v},Tu médico aún no fija la meta de {v},Your doctor hasn't set the target for {v} yet,,Conservar {…} tal cual: se reemplaza por un dato
Texto de pantalla,Tu sesión expiró,Tu sesión expiró,Your session expired,,
Texto de pantalla,Tu sesión expiró. Inicia sesión de nuevo.,Tu sesión expiró. Inicia sesión de nuevo.,Your session expired. Sign in again.,,
Texto de pantalla,Tórax,Tórax,Chest,,
Texto de pantalla,Un sistema automático leyó la receta y puede equivocarse. No se guarda nada hasta que tú confirmes.,Un sistema automático leyó la receta y puede equivocarse. No se guarda nada hasta que tú confirmes.,An automatic system read the prescription and may make mistakes. Nothing is saved until you confirm.,,
Texto de pantalla,Usuario,Usuario,Patient,,
Texto de pantalla,"Validaremos tu cédula. Mientras tanto tu perfil mostrará ""Cédula en revisión"".","Validaremos tu cédula. Mientras tanto tu perfil mostrará ""Cédula en revisión"".","We will verify your license. Meanwhile your profile will show ""License under review"".",,
Texto de pantalla,Valor,Valor,Value,,
Texto de pantalla,Variante,Variante,Variant,,
Texto de pantalla,Ver expediente,Ver expediente,View medical record,,
Texto de pantalla,Ver la foto,Ver la foto,View photo,,
Texto de pantalla,Ver más,Ver más,Show more,,
Texto de pantalla,Verde,Verde,Green,,
Texto de pantalla,Versión {v},Versión {v},Version {v},,Conservar {…} tal cual: se reemplaza por un dato
Texto de pantalla,Vie,Vie,Fri,,
Texto de pantalla,visión borrosa o luces,visión borrosa o luces,blurred vision or flashing lights,,
Texto de pantalla,Vía,Vía,Route,,
Texto de pantalla,vómito,vómito,vomiting,,
Texto de pantalla,Ya la tomé,Ya la tomé,I took it,,
Texto de pantalla,Zona del cuerpo,Zona del cuerpo,Body area,,
Texto de pantalla,zumbido de oídos,zumbido de oídos,ringing in the ears,,
Texto de pantalla,{dosis} · {estado},{dosis} · {estado},{dosis} · {estado},,Conservar {…} tal cual: se reemplaza por un dato
Texto de pantalla,{hora} · {med},{hora} · {med},{hora} · {med},,Conservar {…} tal cual: se reemplaza por un dato
Texto de pantalla,{med} · {dosis} · {hora},{med} · {dosis} · {hora},{med} · {dosis} · {hora},,Conservar {…} tal cual: se reemplaza por un dato
Texto de pantalla,{n} alerta(s) abierta(s),{n} alerta(s) abierta(s),{n} open alert(s),,Conservar {…} tal cual: se reemplaza por un dato
Texto de pantalla,{n} años,{n} años,{n} years old,,Conservar {…} tal cual: se reemplaza por un dato
Texto de pantalla,{n} intento(s),{n} intento(s),{n} attempt(s),,Conservar {…} tal cual: se reemplaza por un dato
Texto de pantalla,{n} pendientes de enviar,{n} pendientes de enviar,{n} pending to send,,Conservar {…} tal cual: se reemplaza por un dato
Texto de pantalla,{txt} (sistólica),{txt} (sistólica),{txt} (systolic),,Conservar {…} tal cual: se reemplaza por un dato
Texto de pantalla,¡Es hora de tu medicamento!,¡Es hora de tu medicamento!,It is time for your medication!,,
Texto de pantalla,¡Registro exitoso! Por favor inicia sesión.,¡Registro exitoso! Por favor inicia sesión.,Sign-up complete! Please sign in.,,
Texto de pantalla,¿Cerrar sesión?,¿Cerrar sesión?,Sign out?,,
Texto de pantalla,¿Cuánto marca tu glucosa?,¿Cuánto marca tu glucosa?,What is your glucose reading?,,
Texto de pantalla,¿Cuánto marca tu presión?,¿Cuánto marca tu presión?,What is your blood pressure?,,
Texto de pantalla,¿Cuánto marca tu temperatura?,¿Cuánto marca tu temperatura?,What is your temperature?,,
Texto de pantalla,¿Cuánto pesas hoy?,¿Cuánto pesas hoy?,How much do you weigh today?,,
Texto de pantalla,¿Cuántos latidos por minuto marca?,¿Cuántos latidos por minuto marca?,How many beats per minute?,,
Texto de pantalla,¿En cuánto tiempo te lo recordamos?,¿En cuánto tiempo te lo recordamos?,When should we remind you?,,
Texto de pantalla,¿En qué etapa te encuentras?,¿En qué etapa te encuentras?,Which stage are you in?,,
Texto de pantalla,¿Guardar estos medicamentos?,¿Guardar estos medicamentos?,Save these medications?,,
Texto de pantalla,¿Marcar como atendida?,¿Marcar como atendida?,Mark as handled?,,
Texto de pantalla,¿Por qué no la tomaste?,¿Por qué no la tomaste?,Why didn't you take it?,,
Texto de pantalla,¿Requieres apoyo de accesibilidad?,¿Requieres apoyo de accesibilidad?,Do you need accessibility support?,,
Texto de pantalla,¿Tienes {s}?,¿Tienes {s}?,Do you have {s}?,,Conservar {…} tal cual: se reemplaza por un dato
Texto de pantalla,¿Ya tienes cuenta? Inicia sesión,¿Ya tienes cuenta? Inicia sesión,Already have an account? Sign in,,
Texto de pantalla,¿Ya tomaste {med}?,¿Ya tomaste {med}?,Did you take {med}?,,Conservar {…} tal cual: se reemplaza por un dato
Texto de pantalla,Ámbar,Ámbar,Amber,,
Texto de pantalla,Úlcera por presión,Úlcera por presión,Pressure ulcer,,
Texto de pantalla,Última foto: {f},Última foto: {f},Last photo: {f},,Conservar {…} tal cual: se reemplaza por un dato
Texto de pantalla,Últimas 12 semanas,Últimas 12 semanas,Last 12 weeks,,
Texto de pantalla,Último error: {e},Último error: {e},Last error: {e},,Conservar {…} tal cual: se reemplaza por un dato
Texto de pantalla,Últimos 14 días,Últimos 14 días,Last 14 days,,
Texto de pantalla,Últimos 6 meses,Últimos 6 meses,Last 6 months,,
Texto de pantalla,Confirma que eres tú para entrar a SENDA,Confirma que eres tú para entrar a SENDA,Confirm it is you to open SENDA,,Nuevo (Android/iOS y pendientes)
Texto de pantalla,"Este teléfono no tiene huella, rostro ni bloqueo de pantalla. Entra con tu contraseña.","Este teléfono no tiene huella, rostro ni bloqueo de pantalla. Entra con tu contraseña.","This phone has no fingerprint, face or screen lock. Log in with your password.",,Nuevo (Android/iOS y pendientes)
Texto de pantalla,No hay huella ni rostro registrados en este teléfono. Regístralos en Ajustes o entra con tu contraseña.,No hay huella ni rostro registrados en este teléfono. Regístralos en Ajustes o entra con tu contraseña.,No fingerprint or face is registered on this phone. Add one in Settings or log in with your password.,,Nuevo (Android/iOS y pendientes)
Texto de pantalla,Hubo demasiados intentos. Espera unos minutos o entra con tu contraseña.,Hubo demasiados intentos. Espera unos minutos o entra con tu contraseña.,Too many attempts. Wait a few minutes or log in with your password.,,Nuevo (Android/iOS y pendientes)
Texto de pantalla,No se pudo confirmar tu identidad. Entra con tu contraseña.,No se pudo confirmar tu identidad. Entra con tu contraseña.,We could not confirm it is you. Log in with your password.,,Nuevo (Android/iOS y pendientes)
Texto de pantalla,Entrar a SENDA,Entrar a SENDA,Open SENDA,,Nuevo (Android/iOS y pendientes)
Texto de pantalla,Toca el sensor de huella o mira la cámara,Toca el sensor de huella o mira la cámara,Touch the fingerprint sensor or look at the camera,,Nuevo (Android/iOS y pendientes)
Texto de pantalla,No se reconoció. Intenta de nuevo.,No se reconoció. Intenta de nuevo.,Not recognized. Try again.,,Nuevo (Android/iOS y pendientes)
Texto de pantalla,Se necesita tu huella o rostro,Se necesita tu huella o rostro,Your fingerprint or face is needed,,Nuevo (Android/iOS y pendientes)
Texto de pantalla,Se necesita el bloqueo de tu teléfono,Se necesita el bloqueo de tu teléfono,Your phone lock is needed,,Nuevo (Android/iOS y pendientes)
Texto de pantalla,Configura un bloqueo de pantalla en los Ajustes del teléfono.,Configura un bloqueo de pantalla en los Ajustes del teléfono.,Set up a screen lock in your phone Settings.,,Nuevo (Android/iOS y pendientes)
Texto de pantalla,Ir a Ajustes,Ir a Ajustes,Go to Settings,,Nuevo (Android/iOS y pendientes)
Texto de pantalla,No hay huella ni rostro registrados. Regístralos en Ajustes > Seguridad.,No hay huella ni rostro registrados. Regístralos en Ajustes > Seguridad.,No fingerprint or face is registered. Add one in Settings > Security.,,Nuevo (Android/iOS y pendientes)
Texto de pantalla,Face ID o Touch ID está bloqueado. Bloquea y desbloquea el teléfono para activarlo.,Face ID o Touch ID está bloqueado. Bloquea y desbloquea el teléfono para activarlo.,Face ID or Touch ID is locked. Lock and unlock your phone to turn it back on.,,Nuevo (Android/iOS y pendientes)
Texto de pantalla,No hay Face ID ni Touch ID configurado. Actívalo en Ajustes.,No hay Face ID ni Touch ID configurado. Actívalo en Ajustes.,Face ID or Touch ID is not set up. Turn it on in Settings.,,Nuevo (Android/iOS y pendientes)
Texto de pantalla,Usar el código del teléfono,Usar el código del teléfono,Use phone passcode,,Nuevo (Android/iOS y pendientes)
Texto de pantalla,Alertas de salud,Alertas de salud,Health alerts,,Nuevo (Android/iOS y pendientes)
Texto de pantalla,Avisos del equipo de salud y de tus familiares.,Avisos del equipo de salud y de tus familiares.,Messages from your health team and your family.,,Nuevo (Android/iOS y pendientes)
Texto de pantalla,Avisos y alarmas,Avisos y alarmas,Notifications and alarms,,Nuevo (Android/iOS y pendientes)
Texto de pantalla,Permitidas.,Permitidas.,Allowed.,,Nuevo (Android/iOS y pendientes)
Texto de pantalla,Desactivadas: no sonarán las alarmas de tus medicinas ni llegarán avisos.,Desactivadas: no sonarán las alarmas de tus medicinas ni llegarán avisos.,Turned off: your medicine alarms will not ring and you will not get messages.,,Nuevo (Android/iOS y pendientes)
Texto de pantalla,Desactivadas: no llegarán los avisos de alertas.,Desactivadas: no llegarán los avisos de alertas.,Turned off: you will not get alert messages.,,Nuevo (Android/iOS y pendientes)
Texto de pantalla,Permitir,Permitir,Allow,,Nuevo (Android/iOS y pendientes)
Texto de pantalla,Alarmas a la hora exacta,Alarmas a la hora exacta,Alarms at the exact time,,Nuevo (Android/iOS y pendientes)
Texto de pantalla,Activadas.,Activadas.,Turned on.,,Nuevo (Android/iOS y pendientes)
Texto de pantalla,Las alarmas pueden sonar unos minutos tarde.,Las alarmas pueden sonar unos minutos tarde.,Alarms may ring a few minutes late.,,Nuevo (Android/iOS y pendientes)
Texto de pantalla,Activar,Activar,Turn on,,Nuevo (Android/iOS y pendientes)
Texto de pantalla,Alarma en pantalla completa,Alarma en pantalla completa,Full-screen alarm,,Nuevo (Android/iOS y pendientes)
Texto de pantalla,La alarma aparece aunque el teléfono esté bloqueado.,La alarma aparece aunque el teléfono esté bloqueado.,The alarm shows up even when the phone is locked.,,Nuevo (Android/iOS y pendientes)
Texto de pantalla,"La alarma llegará como notificación, sin cubrir la pantalla.","La alarma llegará como notificación, sin cubrir la pantalla.","The alarm will arrive as a notification, without covering the screen.",,Nuevo (Android/iOS y pendientes)
Texto de pantalla,Ahorro de batería,Ahorro de batería,Battery saver,,Nuevo (Android/iOS y pendientes)
Texto de pantalla,Sin restricciones para SENDA.,Sin restricciones para SENDA.,No restrictions for SENDA.,,Nuevo (Android/iOS y pendientes)
Texto de pantalla,"El teléfono puede retrasar o silenciar las alarmas y avisos. Elige ""Sin restricciones"" para SENDA.","El teléfono puede retrasar o silenciar las alarmas y avisos. Elige ""Sin restricciones"" para SENDA.","The phone may delay or silence alarms and messages. Choose ""Unrestricted"" for SENDA.",,Nuevo (Android/iOS y pendientes)
Texto de pantalla,"En este teléfono activa también ""Inicio automático"" para SENDA.","En este teléfono activa también ""Inicio automático"" para SENDA.","On this phone also turn on ""Autostart"" for SENDA.",,Nuevo (Android/iOS y pendientes)
Texto de pantalla,Abrir ajustes,Abrir ajustes,Open settings,,Nuevo (Android/iOS y pendientes)
Texto de pantalla,Falta,Falta,Missing,,Nuevo (Android/iOS y pendientes)
Texto de pantalla,No se pudieron enviar,No se pudieron enviar,Could not be sent,,Nuevo (Android/iOS y pendientes)
Texto de pantalla,Descartar,Descartar,Discard,,Nuevo (Android/iOS y pendientes)
Texto de pantalla,Algunos datos no se pudieron enviar,Algunos datos no se pudieron enviar,Some data could not be sent,,Nuevo (Android/iOS y pendientes)
Texto de pantalla,Por ahora las cuentas las crea tu equipo de salud. Pídeles tu usuario y contraseña.,Por ahora las cuentas las crea tu equipo de salud. Pídeles tu usuario y contraseña.,"For now, accounts are created by your health team. Ask them for your username and password.",,Nuevo (Android/iOS y pendientes)
Texto de pantalla,Ya existe una cuenta con ese correo. Inicia sesión.,Ya existe una cuenta con ese correo. Inicia sesión.,An account with that email already exists. Log in.,,Nuevo (Android/iOS y pendientes)
Texto de pantalla,SENDA no tiene permiso de usar la cámara,SENDA no tiene permiso de usar la cámara,SENDA does not have permission to use the camera,,Nuevo (Android/iOS y pendientes)
Texto de pantalla,SENDA no tiene permiso de ver tus fotos,SENDA no tiene permiso de ver tus fotos,SENDA does not have permission to see your photos,,Nuevo (Android/iOS y pendientes)
Texto de pantalla,"Para tomar la foto, permite la cámara en los Ajustes del teléfono y vuelve a intentarlo.","Para tomar la foto, permite la cámara en los Ajustes del teléfono y vuelve a intentarlo.","To take the photo, allow the camera in your phone Settings and try again.",,Nuevo (Android/iOS y pendientes)
Texto de pantalla,"Para elegir una foto, permite el acceso a fotos en los Ajustes del teléfono y vuelve a intentarlo.","Para elegir una foto, permite el acceso a fotos en los Ajustes del teléfono y vuelve a intentarlo.","To choose a photo, allow access to photos in your phone Settings and try again.",,Nuevo (Android/iOS y pendientes)
Texto de pantalla,Ahora no,Ahora no,Not now,,Nuevo (Android/iOS y pendientes)
Texto de pantalla,No se pudo abrir la cámara.,No se pudo abrir la cámara.,Could not open the camera.,,Nuevo (Android/iOS y pendientes)
Texto de pantalla,No se pudo abrir la galería.,No se pudo abrir la galería.,Could not open the gallery.,,Nuevo (Android/iOS y pendientes)
Texto de pantalla,"SENDA no tiene permiso de usar la cámara. Permítelo en Ajustes o usa ""Escribir código"".","SENDA no tiene permiso de usar la cámara. Permítelo en Ajustes o usa ""Escribir código"".","SENDA does not have permission to use the camera. Allow it in Settings or use ""Type code"".",,Nuevo (Android/iOS y pendientes)
Texto de pantalla,No se pudo abrir el teléfono. Marca al {n}.,No se pudo abrir el teléfono. Marca al {n}.,Could not open the phone app. Dial {n}.,,Nuevo (Android/iOS y pendientes). Conservar {…} tal cual: se reemplaza por un dato
Texto de pantalla,Pedir ayuda,Pedir ayuda,Ask for help,,Nuevo (Android/iOS y pendientes)
Texto de pantalla,No tenemos el teléfono de tu cuidador. Pide a tu equipo de salud que lo registre.,No tenemos el teléfono de tu cuidador. Pide a tu equipo de salud que lo registre.,We do not have your caregiver's phone number. Ask your health team to add it.,,Nuevo (Android/iOS y pendientes)
Texto de pantalla,No tenemos el teléfono de {nombre}. Pide a tu equipo de salud que lo registre.,No tenemos el teléfono de {nombre}. Pide a tu equipo de salud que lo registre.,We do not have {nombre}'s phone number. Ask your health team to add it.,,Nuevo (Android/iOS y pendientes). Conservar {…} tal cual: se reemplaza por un dato
Texto de pantalla,Vamos a llamar a {nombre} al {tel}.,Vamos a llamar a {nombre} al {tel}.,We will call {nombre} at {tel}.,,Nuevo (Android/iOS y pendientes). Conservar {…} tal cual: se reemplaza por un dato
Texto de pantalla,tu cuidador,tu cuidador,your caregiver,,Nuevo (Android/iOS y pendientes)
Texto de pantalla,"Si te sientes muy mal, llama al 911.","Si te sientes muy mal, llama al 911.","If you feel very sick, call 911.",,Nuevo (Android/iOS y pendientes)
Texto de pantalla,Llamar al 911,Llamar al 911,Call 911,,Nuevo (Android/iOS y pendientes)
Texto de pantalla,Llamar a mi cuidador,Llamar a mi cuidador,Call my caregiver,,Nuevo (Android/iOS y pendientes)
Texto de pantalla,Llamar a {nombre},Llamar a {nombre},Call {nombre},,Nuevo (Android/iOS y pendientes). Conservar {…} tal cual: se reemplaza por un dato
Texto de pantalla,Una vez al día,Una vez al día,Once a day,,Nuevo (Android/iOS y pendientes)
Texto de pantalla,Dos veces al día,Dos veces al día,Twice a day,,Nuevo (Android/iOS y pendientes)
Texto de pantalla,Una vez a la semana,Una vez a la semana,Once a week,,Nuevo (Android/iOS y pendientes)
Texto de pantalla,{v}: escribe el mínimo y el máximo{e}.,{v}: escribe el mínimo y el máximo{e}.,{v}: enter the minimum and maximum{e}.,,Nuevo (Android/iOS y pendientes). Conservar {…} tal cual: se reemplaza por un dato
Texto de pantalla,{v}: los valores deben estar entre {a} y {b}.,{v}: los valores deben estar entre {a} y {b}.,{v}: values must be between {a} and {b}.,,Nuevo (Android/iOS y pendientes). Conservar {…} tal cual: se reemplaza por un dato
Texto de pantalla,{v}: el mínimo debe ser menor que el máximo{e}.,{v}: el mínimo debe ser menor que el máximo{e}.,{v}: the minimum must be lower than the maximum{e}.,,Nuevo (Android/iOS y pendientes). Conservar {…} tal cual: se reemplaza por un dato
Texto de pantalla,(sistólica),(sistólica),(systolic),,Nuevo (Android/iOS y pendientes)
Texto de pantalla,(diastólica),(diastólica),(diastolic),,Nuevo (Android/iOS y pendientes)
Texto de pantalla,Plan de control guardado.,Plan de control guardado.,Monitoring plan saved.,,Nuevo (Android/iOS y pendientes)
Texto de pantalla,Mínimo,Mínimo,Minimum,,Nuevo (Android/iOS y pendientes)
Texto de pantalla,Máximo,Máximo,Maximum,,Nuevo (Android/iOS y pendientes)
Texto de pantalla,Se le pide al paciente,Se le pide al paciente,Requested from the patient,,Nuevo (Android/iOS y pendientes)
Texto de pantalla,No se le pide,No se le pide,Not requested,,Nuevo (Android/iOS y pendientes)
Texto de pantalla,Sistólica (arriba),Sistólica (arriba),Systolic (top),,Nuevo (Android/iOS y pendientes)
Texto de pantalla,Rango normal,Rango normal,Normal range,,Nuevo (Android/iOS y pendientes)
Texto de pantalla,Diastólica (abajo),Diastólica (abajo),Diastolic (bottom),,Nuevo (Android/iOS y pendientes)
Texto de pantalla,Meta (opcional),Meta (opcional),Goal (optional),,Nuevo (Android/iOS y pendientes)
Texto de pantalla,Ej. bajar a menos de 130/80 en 3 meses,Ej. bajar a menos de 130/80 en 3 meses,E.g. get below 130/80 in 3 months,,Nuevo (Android/iOS y pendientes)
Texto de pantalla,"Elige qué mediciones pedir, cada cuándo y en qué rango están bien. Fuera de rango, el registro avisa a tu equipo.","Elige qué mediciones pedir, cada cuándo y en qué rango están bien. Fuera de rango, el registro avisa a tu equipo.","Choose which measurements to request, how often and which range is fine. Out of range, the reading alerts your team.",,Nuevo (Android/iOS y pendientes)
Texto de pantalla,Guardando…,Guardando…,Saving…,,Nuevo (Android/iOS y pendientes)
Texto de pantalla,Guardar plan,Guardar plan,Save plan,,Nuevo (Android/iOS y pendientes)
Texto de pantalla,No se recibió la versión del aviso de privacidad. Intenta más tarde.,No se recibió la versión del aviso de privacidad. Intenta más tarde.,The privacy notice version was not received. Try again later.,,Nuevo (Android/iOS y pendientes)
Texto de pantalla,No se pudo cargar el aviso de privacidad. Sin él no se puede continuar.,No se pudo cargar el aviso de privacidad. Sin él no se puede continuar.,The privacy notice could not be loaded. You cannot continue without it.,,Nuevo (Android/iOS y pendientes)
Texto de pantalla,Sin conexión. Mostramos lo último guardado ({fecha} {hora}).,Sin conexión. Mostramos lo último guardado ({fecha} {hora}).,No connection. Showing the last saved data ({fecha} {hora}).,,Nuevo (Android/iOS y pendientes). Conservar {…} tal cual: se reemplaza por un dato
Texto de pantalla,Hoy no tienes tomas de medicamento.,Hoy no tienes tomas de medicamento.,You have no medication doses today.,,Nuevo (Android/iOS y pendientes)
Texto de pantalla,¿Tu presión de arriba es {n}?,¿Tu presión de arriba es {n}?,Is your top blood pressure number {n}?,,Nuevo (Android/iOS y pendientes). Conservar {…} tal cual: se reemplaza por un dato
Texto de pantalla,¿Tu presión de abajo es {n}?,¿Tu presión de abajo es {n}?,Is your bottom blood pressure number {n}?,,Nuevo (Android/iOS y pendientes). Conservar {…} tal cual: se reemplaza por un dato
Texto de pantalla,¿Tu {v} es {n} {u}?,¿Tu {v} es {n} {u}?,Is your {v} {n} {u}?,,Nuevo (Android/iOS y pendientes). Conservar {…} tal cual: se reemplaza por un dato
Texto de pantalla,Revisa el número,Revisa el número,Check the number,,Nuevo (Android/iOS y pendientes)
Texto de pantalla,"Si es correcto, confírmalo; si no, corrígelo.","Si es correcto, confírmalo; si no, corrígelo.","If it is correct, confirm it; if not, fix it.",,Nuevo (Android/iOS y pendientes)
Texto de pantalla,"Sí, es correcto","Sí, es correcto","Yes, it is correct",,Nuevo (Android/iOS y pendientes)
Texto de pantalla,Corregir,Corregir,Fix it,,Nuevo (Android/iOS y pendientes)
Texto de pantalla,Código,Código,Code,,Nuevo (Android/iOS y pendientes)
Texto de pantalla,¿Salir de la receta?,¿Salir de la receta?,Leave the prescription?,,Nuevo (Android/iOS y pendientes)
Texto de pantalla,Se perderá lo que ya se leyó y revisaste.,Se perderá lo que ya se leyó y revisaste.,What was read and what you reviewed will be lost.,,Nuevo (Android/iOS y pendientes)
Texto de pantalla,Salir,Salir,Leave,,Nuevo (Android/iOS y pendientes)
Texto de pantalla,Seguir aquí,Seguir aquí,Stay here,,Nuevo (Android/iOS y pendientes)
Texto de pantalla,SENDA está bloqueada,SENDA está bloqueada,SENDA is locked,,Nuevo (Android/iOS y pendientes)
Texto de pantalla,Desbloquear,Desbloquear,Unlock,,Nuevo (Android/iOS y pendientes)
Texto de pantalla,Entrar con contraseña,Entrar con contraseña,Log in with password,,Nuevo (Android/iOS y pendientes)
Texto de pantalla,No se pudo reproducir el audio. Revisa tu internet.,No se pudo reproducir el audio. Revisa tu internet.,Could not play the audio. Check your internet.,,Nuevo (Android/iOS y pendientes)
Texto de pantalla,Instala la voz en inglés en los Ajustes del teléfono para escuchar.,Instala la voz en inglés en los Ajustes del teléfono para escuchar.,Install the English voice in your phone Settings to listen.,,Nuevo (Android/iOS y pendientes)
Texto de pantalla,Instala la voz en español en los Ajustes del teléfono para escuchar.,Instala la voz en español en los Ajustes del teléfono para escuchar.,Install the Spanish voice in your phone Settings to listen.,,Nuevo (Android/iOS y pendientes)
Texto de pantalla,No se pudo leer en voz alta.,No se pudo leer en voz alta.,Could not read aloud.,,Nuevo (Android/iOS y pendientes)
